"No.","Time","Source","Destination","Protocol","Length","Native OS","Source Port","Destination Port","Time to live","Info"
"1","0.000000","98.114.205.102","192.150.11.111","TCP","62","","1821","445","113","1821  >  445 [SYN] Seq=0 Win=64240 Len=0 MSS=1460 SACK_PERM=1"
"2","0.000464","192.150.11.111","98.114.205.102","TCP","62","","445","1821","64","445  >  1821 [SYN, ACK] Seq=0 Ack=1 Win=5840 Len=0 MSS=1460 SACK_PERM=1"
"3","0.119058","98.114.205.102","192.150.11.111","TCP","60","","1821","445","113","1821  >  445 [ACK] Seq=1 Ack=1 Win=64240 Len=0"
"4","0.134175","98.114.205.102","192.150.11.111","TCP","60","","1821","445","113","1821  >  445 [FIN, ACK] Seq=1 Ack=1 Win=64240 Len=0"
"5","0.134550","98.114.205.102","192.150.11.111","TCP","62","","1828","445","113","1828  >  445 [SYN] Seq=0 Win=64240 Len=0 MSS=1460 SACK_PERM=1"
"6","0.134878","192.150.11.111","98.114.205.102","TCP","62","","445","1828","64","445  >  1828 [SYN, ACK] Seq=0 Ack=1 Win=5840 Len=0 MSS=1460 SACK_PERM=1"
"7","0.135193","192.150.11.111","98.114.205.102","TCP","54","","445","1821","64","445  >  1821 [ACK] Seq=1 Ack=2 Win=5840 Len=0"
"8","0.238169","192.150.11.111","98.114.205.102","TCP","54","","445","1821","64","445  >  1821 [FIN, ACK] Seq=1 Ack=2 Win=5840 Len=0"
"9","0.251859","98.114.205.102","192.150.11.111","TCP","60","","1828","445","113","1828  >  445 [ACK] Seq=1 Ack=1 Win=64240 Len=0"
"10","0.267724","98.114.205.102","192.150.11.111","SMB","191","","1828","445","113","Negotiate Protocol Request"
"11","0.267735","192.150.11.111","98.114.205.102","TCP","54","","445","1828","64","445  >  1828 [ACK] Seq=1 Ack=138 Win=6432 Len=0"
"12","0.354302","98.114.205.102","192.150.11.111","TCP","60","","1821","445","113","1821  >  445 [ACK] Seq=2 Ack=2 Win=64240 Len=0"
"13","0.487136","192.150.11.111","98.114.205.102","SMB","143","","445","1828","64","Negotiate Protocol Response"
"14","0.602288","98.114.205.102","192.150.11.111","SMB","222","Windows 2000 2195","1828","445","113","Session Setup AndX Request, NTLMSSP_NEGOTIATE"
"15","0.602303","192.150.11.111","98.114.205.102","TCP","54","","445","1828","64","445  >  1828 [ACK] Seq=90 Ack=306 Win=7504 Len=0"
"16","0.723001","192.150.11.111","98.114.205.102","SMB","311","Windows 5.1","445","1828","64","Session Setup AndX Response, NTLMSSP_CHALLENGE, Error: STATUS_MORE_PROCESSING_REQUIRED"
"17","0.840405","98.114.205.102","192.150.11.111","SMB","276","Windows 2000 2195","1828","445","113","Session Setup AndX Request, NTLMSSP_AUTH, User: \\"
"18","0.840419","192.150.11.111","98.114.205.102","TCP","54","","445","1828","64","445  >  1828 [ACK] Seq=347 Ack=528 Win=8576 Len=0"
"19","0.957617","192.150.11.111","98.114.205.102","SMB","175","Windows 5.1","445","1828","64","Session Setup AndX Response"
"20","1.073151","98.114.205.102","192.150.11.111","SMB","152","","1828","445","113","Tree Connect AndX Request, Path: \\\\192.150.11.111\\ipc$"
"21","1.073174","192.150.11.111","98.114.205.102","TCP","54","","445","1828","64","445  >  1828 [ACK] Seq=468 Ack=626 Win=8576 Len=0"
"22","1.189374","192.150.11.111","98.114.205.102","SMB","114","","445","1828","64","Tree Connect AndX Response"
"23","1.307145","98.114.205.102","192.150.11.111","SMB","158","","1828","445","113","NT Create AndX Request, FID: 0x4000, Path: \\lsarpc"
"24","1.307168","192.150.11.111","98.114.205.102","TCP","54","","445","1828","64","445  >  1828 [ACK] Seq=528 Ack=730 Win=8576 Len=0"
"25","1.424860","192.150.11.111","98.114.205.102","SMB","193","","445","1828","64","NT Create AndX Response, FID: 0x4000"
"26","1.542389","98.114.205.102","192.150.11.111","DCERPC","214","","1828","445","113","Bind: call_id: 1, Fragment: Single, 1 context items: DSSETUP V0.0 (32bit NDR)"
"27","1.542401","192.150.11.111","98.114.205.102","TCP","54","","445","1828","64","445  >  1828 [ACK] Seq=667 Ack=890 Win=9648 Len=0"
"28","1.670219","192.150.11.111","98.114.205.102","DCERPC","182","","445","1828","64","Bind_ack: call_id: 1, Fragment: Single, max_xmit: 4280 max_recv: 4280, 1 results: Acceptance"
"29","1.797873","98.114.205.102","192.150.11.111","TCP","1514","","1828","445","113","1828  >  445 [ACK] Seq=890 Ack=795 Win=63446 Len=1460 [TCP segment of a reassembled PDU]"
"30","1.797886","192.150.11.111","98.114.205.102","TCP","54","","445","1828","64","445  >  1828 [ACK] Seq=795 Ack=2350 Win=11680 Len=0"
"31","1.803993","98.114.205.102","192.150.11.111","TCP","1514","","1828","445","113","1828  >  445 [ACK] Seq=2350 Ack=795 Win=63446 Len=1460 [TCP segment of a reassembled PDU]"
"32","1.804003","192.150.11.111","98.114.205.102","TCP","54","","445","1828","64","445  >  1828 [ACK] Seq=795 Ack=3810 Win=14600 Len=0"
"33","1.805992","98.114.205.102","192.150.11.111","DSSETUP","454","","1828","445","113","DsRoleUpgradeDownlevelServer request[Long frame (3208 bytes)]"
"34","1.806001","192.150.11.111","98.114.205.102","TCP","54","","445","1828","64","445  >  1828 [ACK] Seq=795 Ack=4210 Win=17520 Len=0"
"35","1.978646","98.114.205.102","192.150.11.111","TCP","60","","1828","445","113","[TCP Dup ACK 29#1] 1828  >  445 [ACK] Seq=4210 Ack=795 Win=63446 Len=0"
"36","2.091833","98.114.205.102","192.150.11.111","TCP","62","","1924","1957","113","1924  >  1957 [SYN] Seq=0 Win=64240 Len=0 MSS=1460 SACK_PERM=1"
"37","2.092245","192.150.11.111","98.114.205.102","TCP","62","","1957","1924","64","1957  >  1924 [SYN, ACK] Seq=0 Ack=1 Win=5840 Len=0 MSS=1460 SACK_PERM=1"
"38","2.134590","192.150.11.111","98.114.205.102","DSSETUP","162","","445","1828","64","DsRoleUpgradeDownlevelServer response[Long frame (20 bytes)]"
"39","2.209143","98.114.205.102","192.150.11.111","TCP","60","","1924","1957","113","1924  >  1957 [ACK] Seq=1 Ack=1 Win=64240 Len=0"
"40","2.379299","98.114.205.102","192.150.11.111","TCP","60","","1828","445","113","1828  >  445 [ACK] Seq=4210 Ack=903 Win=63338 Len=0"
"41","3.327353","192.150.11.111","98.114.205.102","TCP","55","","1957","1924","64","1957  >  1924 [PSH, ACK] Seq=1 Ack=1 Win=5840 Len=1"
"42","3.444956","98.114.205.102","192.150.11.111","TCP","177","","1924","1957","113","1924  >  1957 [PSH, ACK] Seq=1 Ack=2 Win=64239 Len=123"
"43","3.444971","192.150.11.111","98.114.205.102","TCP","54","","1957","1924","64","1957  >  1924 [ACK] Seq=2 Ack=124 Win=5840 Len=0"
"44","3.944177","98.114.205.102","192.150.11.111","TCP","64","","1924","1957","113","1924  >  1957 [PSH, ACK] Seq=124 Ack=2 Win=64239 Len=10"
"45","3.944185","192.150.11.111","98.114.205.102","TCP","54","","1957","1924","64","1957  >  1924 [ACK] Seq=2 Ack=134 Win=5840 Len=0"
"46","4.943355","192.150.11.111","98.114.205.102","TCP","55","","1957","1924","64","1957  >  1924 [PSH, ACK] Seq=2 Ack=134 Win=5840 Len=1"
"47","5.072049","98.114.205.102","192.150.11.111","TCP","60","","1924","1957","113","1924  >  1957 [FIN, ACK] Seq=134 Ack=3 Win=64238 Len=0"
"48","5.072091","192.150.11.111","98.114.205.102","TCP","54","","1957","1924","64","1957  >  1924 [FIN, ACK] Seq=3 Ack=135 Win=5840 Len=0"
"49","5.072673","98.114.205.102","192.150.11.111","TCP","60","","1828","445","113","1828  >  445 [RST] Seq=4210 Win=0 Len=0"
"50","5.082620","192.150.11.111","98.114.205.102","TCP","74","","36296","8884","64","36296  >  8884 [SYN] Seq=0 Win=5840 Len=0 MSS=1460 SACK_PERM=1 TSval=4055633882 TSecr=0 WS=128"
"51","5.191856","98.114.205.102","192.150.11.111","TCP","60","","1924","1957","113","1924  >  1957 [ACK] Seq=135 Ack=4 Win=64238 Len=0"
"52","5.201726","98.114.205.102","192.150.11.111","TCP","78","","8884","36296","113","8884  >  36296 [SYN, ACK] Seq=0 Ack=1 Win=64240 Len=0 MSS=1460 WS=1 TSval=0 TSecr=0 SACK_PERM=1"
"53","5.201740","192.150.11.111","98.114.205.102","TCP","66","","36296","8884","64","36296  >  8884 [ACK] Seq=1 Ack=1 Win=5888 Len=0 TSval=4055633911 TSecr=0"
"54","5.349393","98.114.205.102","192.150.11.111","TCP","87","","8884","36296","113","8884  >  36296 [PSH, ACK] Seq=1 Ack=1 Win=64240 Len=21 TSval=438613 TSecr=4055633911"
"55","5.349405","192.150.11.111","98.114.205.102","TCP","66","","36296","8884","64","36296  >  8884 [ACK] Seq=1 Ack=22 Win=5888 Len=0 TSval=4055633948 TSecr=438613"
"56","5.349467","192.150.11.111","98.114.205.102","TCP","74","","36296","8884","64","36296  >  8884 [PSH, ACK] Seq=1 Ack=22 Win=5888 Len=8 TSval=4055633948 TSecr=438613"
"57","5.474324","98.114.205.102","192.150.11.111","TCP","88","","8884","36296","113","8884  >  36296 [PSH, ACK] Seq=22 Ack=9 Win=64232 Len=22 TSval=438614 TSecr=4055633948"
"58","5.474373","192.150.11.111","98.114.205.102","TCP","74","","36296","8884","64","36296  >  8884 [PSH, ACK] Seq=9 Ack=44 Win=5888 Len=8 TSval=4055633980 TSecr=438614"
"59","5.604502","98.114.205.102","192.150.11.111","TCP","86","","8884","36296","113","8884  >  36296 [PSH, ACK] Seq=44 Ack=17 Win=64224 Len=20 TSval=438616 TSecr=4055633980"
"60","5.604566","192.150.11.111","98.114.205.102","TCP","72","","36296","8884","64","36296  >  8884 [PSH, ACK] Seq=17 Ack=64 Win=5888 Len=6 TSval=4055634012 TSecr=438616"
"61","5.736927","98.114.205.102","192.150.11.111","TCP","79","","8884","36296","113","8884  >  36296 [PSH, ACK] Seq=64 Ack=23 Win=64218 Len=13 TSval=438617 TSecr=4055634012"
"62","5.736981","192.150.11.111","98.114.205.102","TCP","74","","36296","8884","64","36296  >  8884 [PSH, ACK] Seq=23 Ack=77 Win=5888 Len=8 TSval=4055634045 TSecr=438617"
"63","5.871853","98.114.205.102","192.150.11.111","TCP","85","","8884","36296","113","8884  >  36296 [PSH, ACK] Seq=77 Ack=31 Win=64210 Len=19 TSval=438618 TSecr=4055634045"
"64","5.871936","192.150.11.111","98.114.205.102","TCP","92","","36296","8884","64","36296  >  8884 [PSH, ACK] Seq=31 Ack=96 Win=5888 Len=26 TSval=4055634079 TSecr=438618"
"65","6.009400","98.114.205.102","192.150.11.111","TCP","95","","8884","36296","113","8884  >  36296 [PSH, ACK] Seq=96 Ack=57 Win=64184 Len=29 TSval=438620 TSecr=4055634079"
"66","6.009415","192.150.11.111","98.114.205.102","TCP","81","","36296","8884","64","36296  >  8884 [PSH, ACK] Seq=57 Ack=125 Win=5888 Len=15 TSval=4055634113 TSecr=438620"
"67","6.141826","98.114.205.102","192.150.11.111","TCP","106","","8884","36296","113","8884  >  36296 [PSH, ACK] Seq=125 Ack=72 Win=64169 Len=40 TSval=438621 TSecr=4055634113"
"68","6.142326","98.114.205.102","192.150.11.111","TCP","62","","2152","1080","113","2152  >  1080 [SYN] Seq=0 Win=64240 Len=0 MSS=1460 SACK_PERM=1"
"69","6.142800","192.150.11.111","98.114.205.102","TCP","62","","1080","2152","64","1080  >  2152 [SYN, ACK] Seq=0 Ack=1 Win=5840 Len=0 MSS=1460 SACK_PERM=1"
"70","6.179362","192.150.11.111","98.114.205.102","TCP","66","","36296","8884","64","36296  >  8884 [ACK] Seq=72 Ack=165 Win=5888 Len=0 TSval=4055634156 TSecr=438621"
"71","6.256763","98.114.205.102","192.150.11.111","TCP","60","","2152","1080","113","2152  >  1080 [ACK] Seq=1 Ack=1 Win=64240 Len=0"
"72","6.273504","98.114.205.102","192.150.11.111","Socks","1078","","2152","1080","113","Unknown"
"73","6.273515","192.150.11.111","98.114.205.102","TCP","54","","1080","2152","64","1080  >  2152 [ACK] Seq=1 Ack=1025 Win=7168 Len=0"
"74","6.282623","98.114.205.102","192.150.11.111","Socks","1514","","2152","1080","113","Unknown"
"75","6.282642","192.150.11.111","98.114.205.102","TCP","54","","1080","2152","64","1080  >  2152 [ACK] Seq=1 Ack=2485 Win=10220 Len=0"
"76","6.284747","98.114.205.102","192.150.11.111","Socks","490","","2152","1080","113","Unknown"
"77","6.284764","192.150.11.111","98.114.205.102","TCP","54","","1080","2152","64","1080  >  2152 [ACK] Seq=1 Ack=2921 Win=13140 Len=0"
"78","6.395310","98.114.205.102","192.150.11.111","Socks","1514","","2152","1080","113","Unknown"
"79","6.395327","192.150.11.111","98.114.205.102","TCP","54","","1080","2152","64","1080  >  2152 [ACK] Seq=1 Ack=4381 Win=16060 Len=0"
"80","6.399808","98.114.205.102","192.150.11.111","Socks","1078","","2152","1080","113","Unknown"
"81","6.399826","192.150.11.111","98.114.205.102","TCP","54","","1080","2152","64","1080  >  2152 [ACK] Seq=1 Ack=5405 Win=18980 Len=0"
"82","6.406055","98.114.205.102","192.150.11.111","Socks","1514","","2152","1080","113","Unknown"
"83","6.406071","192.150.11.111","98.114.205.102","TCP","54","","1080","2152","64","1080  >  2152 [ACK] Seq=1 Ack=6865 Win=21900 Len=0"
"84","6.411801","98.114.205.102","192.150.11.111","Socks","1382","","2152","1080","113","Unknown"
"85","6.411819","192.150.11.111","98.114.205.102","TCP","54","","1080","2152","64","1080  >  2152 [ACK] Seq=1 Ack=8193 Win=24820 Len=0"
"86","6.507873","98.114.205.102","192.150.11.111","Socks","1514","","2152","1080","113","Unknown"
"87","6.507891","192.150.11.111","98.114.205.102","TCP","54","","1080","2152","64","1080  >  2152 [ACK] Seq=1 Ack=9653 Win=27740 Len=0"
"88","6.510371","98.114.205.102","192.150.11.111","Socks","622","","2152","1080","113","Unknown"
"89","6.510390","192.150.11.111","98.114.205.102","TCP","54","","1080","2152","64","1080  >  2152 [ACK] Seq=1 Ack=10221 Win=30660 Len=0"
"90","6.512621","98.114.205.102","192.150.11.111","Socks","74","","2152","1080","113","Unknown"
"91","6.512638","192.150.11.111","98.114.205.102","TCP","54","","1080","2152","64","1080  >  2152 [ACK] Seq=1 Ack=10241 Win=30660 Len=0"
"92","6.617686","98.114.205.102","192.150.11.111","Socks","1514","","2152","1080","113","Unknown"
"93","6.617703","192.150.11.111","98.114.205.102","TCP","54","","1080","2152","64","1080  >  2152 [ACK] Seq=1 Ack=11701 Win=33580 Len=0"
"94","6.620310","98.114.205.102","192.150.11.111","Socks","642","","2152","1080","113","Unknown"
"95","6.620327","192.150.11.111","98.114.205.102","TCP","54","","1080","2152","64","1080  >  2152 [ACK] Seq=1 Ack=12289 Win=36500 Len=0"
"96","6.735996","98.114.205.102","192.150.11.111","Socks","1078","","2152","1080","113","Unknown"
"97","6.736013","192.150.11.111","98.114.205.102","TCP","54","","1080","2152","64","1080  >  2152 [ACK] Seq=1 Ack=13313 Win=39420 Len=0"
"98","6.837814","98.114.205.102","192.150.11.111","Socks","1514","","2152","1080","113","Unknown"
"99","6.837831","192.150.11.111","98.114.205.102","TCP","54","","1080","2152","64","1080  >  2152 [ACK] Seq=1 Ack=14773 Win=42340 Len=0"
"100","6.840312","98.114.205.102","192.150.11.111","Socks","642","","2152","1080","113","Unknown"
"101","6.840330","192.150.11.111","98.114.205.102","TCP","54","","1080","2152","64","1080  >  2152 [ACK] Seq=1 Ack=15361 Win=45260 Len=0"
"102","6.955873","98.114.205.102","192.150.11.111","Socks","1078","","2152","1080","113","Unknown"
"103","6.955890","192.150.11.111","98.114.205.102","TCP","54","","1080","2152","64","1080  >  2152 [ACK] Seq=1 Ack=16385 Win=48180 Len=0"
"104","7.040201","98.114.205.102","192.150.11.111","Socks","1514","","2152","1080","113","Unknown"
"105","7.040218","192.150.11.111","98.114.205.102","TCP","54","","1080","2152","64","1080  >  2152 [ACK] Seq=1 Ack=17845 Win=51100 Len=0"
"106","7.042824","98.114.205.102","192.150.11.111","Socks","642","","2152","1080","113","Unknown"
"107","7.042842","192.150.11.111","98.114.205.102","TCP","54","","1080","2152","64","1080  >  2152 [ACK] Seq=1 Ack=18433 Win=54020 Len=0"
"108","7.117657","98.114.205.102","192.150.11.111","Socks","1514","","2152","1080","113","Unknown"
"109","7.117674","192.150.11.111","98.114.205.102","TCP","54","","1080","2152","64","1080  >  2152 [ACK] Seq=1 Ack=19893 Win=56940 Len=0"
"110","7.120282","98.114.205.102","192.150.11.111","Socks","642","","2152","1080","113","Unknown"
"111","7.120299","192.150.11.111","98.114.205.102","TCP","54","","1080","2152","64","1080  >  2152 [ACK] Seq=1 Ack=20481 Win=59860 Len=0"
"112","7.235967","98.114.205.102","192.150.11.111","Socks","1078","","2152","1080","113","Unknown"
"113","7.235985","192.150.11.111","98.114.205.102","TCP","54","","1080","2152","64","1080  >  2152 [ACK] Seq=1 Ack=21505 Win=62780 Len=0"
"114","7.320170","98.114.205.102","192.150.11.111","Socks","1514","","2152","1080","113","Unknown"
"115","7.320187","192.150.11.111","98.114.205.102","TCP","54","","1080","2152","64","1080  >  2152 [ACK] Seq=1 Ack=22965 Win=62780 Len=0"
"116","7.322793","98.114.205.102","192.150.11.111","Socks","642","","2152","1080","113","Unknown"
"117","7.322815","192.150.11.111","98.114.205.102","TCP","54","","1080","2152","64","1080  >  2152 [ACK] Seq=1 Ack=23553 Win=62780 Len=0"
"118","7.445851","98.114.205.102","192.150.11.111","Socks","1078","","2152","1080","113","Unknown"
"119","7.445871","192.150.11.111","98.114.205.102","TCP","54","","1080","2152","64","1080  >  2152 [ACK] Seq=1 Ack=24577 Win=62780 Len=0"
"120","7.568407","98.114.205.102","192.150.11.111","Socks","1078","","2152","1080","113","Unknown"
"121","7.607395","192.150.11.111","98.114.205.102","TCP","54","","1080","2152","64","1080  >  2152 [ACK] Seq=1 Ack=25601 Win=63488 Len=0"
"122","7.619878","98.114.205.102","192.150.11.111","Socks","1514","","2152","1080","113","Unknown"
"123","7.622501","98.114.205.102","192.150.11.111","Socks","642","","2152","1080","113","Unknown"
"124","7.622517","192.150.11.111","98.114.205.102","TCP","54","","1080","2152","64","1080  >  2152 [ACK] Seq=1 Ack=27649 Win=63488 Len=0"
"125","7.755927","98.114.205.102","192.150.11.111","Socks","1078","","2152","1080","113","Unknown"
"126","7.755947","192.150.11.111","98.114.205.102","TCP","54","","1080","2152","64","1080  >  2152 [ACK] Seq=1 Ack=28673 Win=63488 Len=0"
"127","7.820266","98.114.205.102","192.150.11.111","Socks","1514","","2152","1080","113","Unknown"
"128","7.822765","98.114.205.102","192.150.11.111","Socks","642","","2152","1080","113","Unknown"
"129","7.822781","192.150.11.111","98.114.205.102","TCP","54","","1080","2152","64","1080  >  2152 [ACK] Seq=1 Ack=30721 Win=63488 Len=0"
"130","7.880857","98.114.205.102","192.150.11.111","Socks","1078","","2152","1080","113","Unknown"
"131","7.880877","192.150.11.111","98.114.205.102","TCP","54","","1080","2152","64","1080  >  2152 [ACK] Seq=1 Ack=31745 Win=63488 Len=0"
"132","8.006037","98.114.205.102","192.150.11.111","Socks","1078","","2152","1080","113","Unknown"
"133","8.055135","98.114.205.102","192.150.11.111","Socks","1514","","2152","1080","113","Unknown"
"134","8.055152","192.150.11.111","98.114.205.102","TCP","54","","1080","2152","64","1080  >  2152 [ACK] Seq=1 Ack=34229 Win=63488 Len=0"
"135","8.057883","98.114.205.102","192.150.11.111","Socks","642","","2152","1080","113","Unknown"
"136","8.057902","192.150.11.111","98.114.205.102","TCP","54","","1080","2152","64","1080  >  2152 [ACK] Seq=1 Ack=34817 Win=63488 Len=0"
"137","8.165200","98.114.205.102","192.150.11.111","Socks","1514","","2152","1080","113","Unknown"
"138","8.167823","98.114.205.102","192.150.11.111","Socks","642","","2152","1080","113","Unknown"
"139","8.167838","192.150.11.111","98.114.205.102","TCP","54","","1080","2152","64","1080  >  2152 [ACK] Seq=1 Ack=36865 Win=63488 Len=0"
"140","8.293503","98.114.205.102","192.150.11.111","Socks","1078","","2152","1080","113","Unknown"
"141","8.293522","192.150.11.111","98.114.205.102","TCP","54","","1080","2152","64","1080  >  2152 [ACK] Seq=1 Ack=37889 Win=63488 Len=0"
"142","8.415310","98.114.205.102","192.150.11.111","Socks","1514","","2152","1080","113","Unknown"
"143","8.417809","98.114.205.102","192.150.11.111","Socks","642","","2152","1080","113","Unknown"
"144","8.417824","192.150.11.111","98.114.205.102","TCP","54","","1080","2152","64","1080  >  2152 [ACK] Seq=1 Ack=39937 Win=63488 Len=0"
"145","8.507634","98.114.205.102","192.150.11.111","Socks","1514","","2152","1080","113","Unknown"
"146","8.510257","98.114.205.102","192.150.11.111","Socks","642","","2152","1080","113","Unknown"
"147","8.510273","192.150.11.111","98.114.205.102","TCP","54","","1080","2152","64","1080  >  2152 [ACK] Seq=1 Ack=41985 Win=63488 Len=0"
"148","8.540864","98.114.205.102","192.150.11.111","Socks","1078","","2152","1080","113","Unknown"
"149","8.540884","192.150.11.111","98.114.205.102","TCP","54","","1080","2152","64","1080  >  2152 [ACK] Seq=1 Ack=43009 Win=63488 Len=0"
"150","8.633438","98.114.205.102","192.150.11.111","Socks","1078","","2152","1080","113","Unknown"
"151","8.683422","192.150.11.111","98.114.205.102","TCP","54","","1080","2152","64","1080  >  2152 [ACK] Seq=1 Ack=44033 Win=63488 Len=0"
"152","8.775234","98.114.205.102","192.150.11.111","Socks","1514","","2152","1080","113","Unknown"
"153","8.777858","98.114.205.102","192.150.11.111","Socks","642","","2152","1080","113","Unknown"
"154","8.777873","192.150.11.111","98.114.205.102","TCP","54","","1080","2152","64","1080  >  2152 [ACK] Seq=1 Ack=46081 Win=63488 Len=0"
"155","8.900415","98.114.205.102","192.150.11.111","Socks","1514","","2152","1080","113","Unknown"
"156","8.903038","98.114.205.102","192.150.11.111","Socks","642","","2152","1080","113","Unknown"
"157","8.903054","192.150.11.111","98.114.205.102","TCP","54","","1080","2152","64","1080  >  2152 [ACK] Seq=1 Ack=48129 Win=63488 Len=0"
"158","9.026219","98.114.205.102","192.150.11.111","Socks","1078","","2152","1080","113","Unknown"
"159","9.026238","192.150.11.111","98.114.205.102","TCP","54","","1080","2152","64","1080  >  2152 [ACK] Seq=1 Ack=49153 Win=63488 Len=0"
"160","9.085436","98.114.205.102","192.150.11.111","Socks","1514","","2152","1080","113","Unknown"
"161","9.088060","98.114.205.102","192.150.11.111","Socks","642","","2152","1080","113","Unknown"
"162","9.088075","192.150.11.111","98.114.205.102","TCP","54","","1080","2152","64","1080  >  2152 [ACK] Seq=1 Ack=51201 Win=63488 Len=0"
"163","9.210866","98.114.205.102","192.150.11.111","Socks","1078","","2152","1080","113","Unknown"
"164","9.210886","192.150.11.111","98.114.205.102","TCP","54","","1080","2152","64","1080  >  2152 [ACK] Seq=1 Ack=52225 Win=63488 Len=0"
"165","9.290197","98.114.205.102","192.150.11.111","Socks","1514","","2152","1080","113","Unknown"
"166","9.292821","98.114.205.102","192.150.11.111","Socks","642","","2152","1080","113","Unknown"
"167","9.292836","192.150.11.111","98.114.205.102","TCP","54","","1080","2152","64","1080  >  2152 [ACK] Seq=1 Ack=54273 Win=63488 Len=0"
"168","9.333423","98.114.205.102","192.150.11.111","Socks","1078","","2152","1080","113","Unknown"
"169","9.333442","192.150.11.111","98.114.205.102","TCP","54","","1080","2152","64","1080  >  2152 [ACK] Seq=1 Ack=55297 Win=63488 Len=0"
"170","9.458480","98.114.205.102","192.150.11.111","Socks","1078","","2152","1080","113","Unknown"
"171","9.515444","192.150.11.111","98.114.205.102","TCP","54","","1080","2152","64","1080  >  2152 [ACK] Seq=1 Ack=56321 Win=63488 Len=0"
"172","9.555175","98.114.205.102","192.150.11.111","Socks","1514","","2152","1080","113","Unknown"
"173","9.557923","98.114.205.102","192.150.11.111","Socks","642","","2152","1080","113","Unknown"
"174","9.557939","192.150.11.111","98.114.205.102","TCP","54","","1080","2152","64","1080  >  2152 [ACK] Seq=1 Ack=58369 Win=63488 Len=0"
"175","9.637879","98.114.205.102","192.150.11.111","Socks","1514","","2152","1080","113","Unknown"
"176","9.640502","98.114.205.102","192.150.11.111","Socks","642","","2152","1080","113","Unknown"
"177","9.640518","192.150.11.111","98.114.205.102","TCP","54","","1080","2152","64","1080  >  2152 [ACK] Seq=1 Ack=60417 Win=63488 Len=0"
"178","9.763436","98.114.205.102","192.150.11.111","Socks","1078","","2152","1080","113","Unknown"
"179","9.763455","192.150.11.111","98.114.205.102","TCP","54","","1080","2152","64","1080  >  2152 [ACK] Seq=1 Ack=61441 Win=63488 Len=0"
"180","9.885365","98.114.205.102","192.150.11.111","Socks","1514","","2152","1080","113","Unknown"
"181","9.887864","98.114.205.102","192.150.11.111","Socks","642","","2152","1080","113","Unknown"
"182","9.887880","192.150.11.111","98.114.205.102","TCP","54","","1080","2152","64","1080  >  2152 [ACK] Seq=1 Ack=63489 Win=63488 Len=0"
"183","10.010295","98.114.205.102","192.150.11.111","Socks","1514","","2152","1080","113","Unknown"
"184","10.012794","98.114.205.102","192.150.11.111","Socks","642","","2152","1080","113","Unknown"
"185","10.012810","192.150.11.111","98.114.205.102","TCP","54","","1080","2152","64","1080  >  2152 [ACK] Seq=1 Ack=65537 Win=63488 Len=0"
"186","10.087878","98.114.205.102","192.150.11.111","Socks","1514","","2152","1080","113","Unknown"
"187","10.090251","98.114.205.102","192.150.11.111","Socks","642","","2152","1080","113","Unknown"
"188","10.090266","192.150.11.111","98.114.205.102","TCP","54","","1080","2152","64","1080  >  2152 [ACK] Seq=1 Ack=67585 Win=63488 Len=0"
"189","10.213558","98.114.205.102","192.150.11.111","Socks","1078","","2152","1080","113","Unknown"
"190","10.213578","192.150.11.111","98.114.205.102","TCP","54","","1080","2152","64","1080  >  2152 [ACK] Seq=1 Ack=68609 Win=63488 Len=0"
"191","10.272776","98.114.205.102","192.150.11.111","Socks","1514","","2152","1080","113","Unknown"
"192","10.275398","98.114.205.102","192.150.11.111","Socks","642","","2152","1080","113","Unknown"
"193","10.275414","192.150.11.111","98.114.205.102","TCP","54","","1080","2152","64","1080  >  2152 [ACK] Seq=1 Ack=70657 Win=63488 Len=0"
"194","10.338614","98.114.205.102","192.150.11.111","Socks","1078","","2152","1080","113","Unknown"
"195","10.338634","192.150.11.111","98.114.205.102","TCP","54","","1080","2152","64","1080  >  2152 [ACK] Seq=1 Ack=71681 Win=63488 Len=0"
"196","10.463419","98.114.205.102","192.150.11.111","Socks","1078","","2152","1080","113","Unknown"
"197","10.503470","192.150.11.111","98.114.205.102","TCP","54","","1080","2152","64","1080  >  2152 [ACK] Seq=1 Ack=72705 Win=63488 Len=0"
"198","10.555367","98.114.205.102","192.150.11.111","Socks","1514","","2152","1080","113","Unknown"
"199","10.557866","98.114.205.102","192.150.11.111","Socks","642","","2152","1080","113","Unknown"
"200","10.557882","192.150.11.111","98.114.205.102","TCP","54","","1080","2152","64","1080  >  2152 [ACK] Seq=1 Ack=74753 Win=63488 Len=0"
"201","10.683670","98.114.205.102","192.150.11.111","Socks","1078","","2152","1080","113","Unknown"
"202","10.683689","192.150.11.111","98.114.205.102","TCP","54","","1080","2152","64","1080  >  2152 [ACK] Seq=1 Ack=75777 Win=63488 Len=0"
"203","10.775245","98.114.205.102","192.150.11.111","Socks","1514","","2152","1080","113","Unknown"
"204","10.777868","98.114.205.102","192.150.11.111","Socks","642","","2152","1080","113","Unknown"
"205","10.777884","192.150.11.111","98.114.205.102","TCP","54","","1080","2152","64","1080  >  2152 [ACK] Seq=1 Ack=77825 Win=63488 Len=0"
"206","10.903423","98.114.205.102","192.150.11.111","Socks","1078","","2152","1080","113","Unknown"
"207","10.903442","192.150.11.111","98.114.205.102","TCP","54","","1080","2152","64","1080  >  2152 [ACK] Seq=1 Ack=78849 Win=63488 Len=0"
"208","10.992749","98.114.205.102","192.150.11.111","Socks","1514","","2152","1080","113","Unknown"
"209","10.995247","98.114.205.102","192.150.11.111","Socks","642","","2152","1080","113","Unknown"
"210","10.995264","192.150.11.111","98.114.205.102","TCP","54","","1080","2152","64","1080  >  2152 [ACK] Seq=1 Ack=80897 Win=63488 Len=0"
"211","11.121053","98.114.205.102","192.150.11.111","Socks","1078","","2152","1080","113","Unknown"
"212","11.121072","192.150.11.111","98.114.205.102","TCP","54","","1080","2152","64","1080  >  2152 [ACK] Seq=1 Ack=81921 Win=63488 Len=0"
"213","11.227742","98.114.205.102","192.150.11.111","Socks","1514","","2152","1080","113","Unknown"
"214","11.230366","98.114.205.102","192.150.11.111","Socks","642","","2152","1080","113","Unknown"
"215","11.230382","192.150.11.111","98.114.205.102","TCP","54","","1080","2152","64","1080  >  2152 [ACK] Seq=1 Ack=83969 Win=63488 Len=0"
"216","11.320441","98.114.205.102","192.150.11.111","Socks","1514","","2152","1080","113","Unknown"
"217","11.322814","98.114.205.102","192.150.11.111","Socks","642","","2152","1080","113","Unknown"
"218","11.322830","192.150.11.111","98.114.205.102","TCP","54","","1080","2152","64","1080  >  2152 [ACK] Seq=1 Ack=86017 Win=63488 Len=0"
"219","11.448495","98.114.205.102","192.150.11.111","Socks","1078","","2152","1080","113","Unknown"
"220","11.448516","192.150.11.111","98.114.205.102","TCP","54","","1080","2152","64","1080  >  2152 [ACK] Seq=1 Ack=87041 Win=63488 Len=0"
"221","11.525202","98.114.205.102","192.150.11.111","Socks","1514","","2152","1080","113","Unknown"
"222","11.527825","98.114.205.102","192.150.11.111","Socks","642","","2152","1080","113","Unknown"
"223","11.527841","192.150.11.111","98.114.205.102","TCP","54","","1080","2152","64","1080  >  2152 [ACK] Seq=1 Ack=89089 Win=63488 Len=0"
"224","11.651006","98.114.205.102","192.150.11.111","Socks","1078","","2152","1080","113","Unknown"
"225","11.651026","192.150.11.111","98.114.205.102","TCP","54","","1080","2152","64","1080  >  2152 [ACK] Seq=1 Ack=90113 Win=63488 Len=0"
"226","11.757946","98.114.205.102","192.150.11.111","Socks","1514","","2152","1080","113","Unknown"
"227","11.760446","98.114.205.102","192.150.11.111","Socks","642","","2152","1080","113","Unknown"
"228","11.760462","192.150.11.111","98.114.205.102","TCP","54","","1080","2152","64","1080  >  2152 [ACK] Seq=1 Ack=92161 Win=63488 Len=0"
"229","11.852769","98.114.205.102","192.150.11.111","Socks","1514","","2152","1080","113","Unknown"
"230","11.855268","98.114.205.102","192.150.11.111","Socks","642","","2152","1080","113","Unknown"
"231","11.855284","192.150.11.111","98.114.205.102","TCP","54","","1080","2152","64","1080  >  2152 [ACK] Seq=1 Ack=94209 Win=63488 Len=0"
"232","11.977700","98.114.205.102","192.150.11.111","Socks","1514","","2152","1080","113","Unknown"
"233","11.980323","98.114.205.102","192.150.11.111","Socks","642","","2152","1080","113","Unknown"
"234","11.980339","192.150.11.111","98.114.205.102","TCP","54","","1080","2152","64","1080  >  2152 [ACK] Seq=1 Ack=96257 Win=63488 Len=0"
"235","12.055406","98.114.205.102","192.150.11.111","Socks","1514","","2152","1080","113","Unknown"
"236","12.057905","98.114.205.102","192.150.11.111","Socks","642","","2152","1080","113","Unknown"
"237","12.057920","192.150.11.111","98.114.205.102","TCP","54","","1080","2152","64","1080  >  2152 [ACK] Seq=1 Ack=98305 Win=63488 Len=0"
"238","12.106003","98.114.205.102","192.150.11.111","Socks","1078","","2152","1080","113","Unknown"
"239","12.106022","192.150.11.111","98.114.205.102","TCP","54","","1080","2152","64","1080  >  2152 [ACK] Seq=1 Ack=99329 Win=63488 Len=0"
"240","12.183585","98.114.205.102","192.150.11.111","Socks","1078","","2152","1080","113","Unknown"
"241","12.223514","192.150.11.111","98.114.205.102","TCP","54","","1080","2152","64","1080  >  2152 [ACK] Seq=1 Ack=100353 Win=63488 Len=0"
"242","12.348368","98.114.205.102","192.150.11.111","Socks","1078","","2152","1080","113","Unknown"
"243","12.427520","192.150.11.111","98.114.205.102","TCP","54","","1080","2152","64","1080  >  2152 [ACK] Seq=1 Ack=101377 Win=63488 Len=0"
"244","12.491414","98.114.205.102","192.150.11.111","Socks","1514","","2152","1080","113","Unknown"
"245","12.494037","98.114.205.102","192.150.11.111","Socks","642","","2152","1080","113","Unknown"
"246","12.494054","192.150.11.111","98.114.205.102","TCP","54","","1080","2152","64","1080  >  2152 [ACK] Seq=1 Ack=103425 Win=63488 Len=0"
"247","12.550880","98.114.205.102","192.150.11.111","Socks","1078","","2152","1080","113","Unknown"
"248","12.550899","192.150.11.111","98.114.205.102","TCP","54","","1080","2152","64","1080  >  2152 [ACK] Seq=1 Ack=104449 Win=63488 Len=0"
"249","12.673437","98.114.205.102","192.150.11.111","Socks","1078","","2152","1080","113","Unknown"
"250","12.757765","98.114.205.102","192.150.11.111","Socks","1514","","2152","1080","113","Unknown"
"251","12.757781","192.150.11.111","98.114.205.102","TCP","54","","1080","2152","64","1080  >  2152 [ACK] Seq=1 Ack=106933 Win=63488 Len=0"
"252","12.760264","98.114.205.102","192.150.11.111","Socks","642","","2152","1080","113","Unknown"
"253","12.760282","192.150.11.111","98.114.205.102","TCP","54","","1080","2152","64","1080  >  2152 [ACK] Seq=1 Ack=107521 Win=63488 Len=0"
"254","12.878447","98.114.205.102","192.150.11.111","Socks","1078","","2152","1080","113","Unknown"
"255","12.878467","192.150.11.111","98.114.205.102","TCP","54","","1080","2152","64","1080  >  2152 [ACK] Seq=1 Ack=108545 Win=63488 Len=0"
"256","12.960153","98.114.205.102","192.150.11.111","Socks","1514","","2152","1080","113","Unknown"
"257","12.962776","98.114.205.102","192.150.11.111","Socks","642","","2152","1080","113","Unknown"
"258","12.962793","192.150.11.111","98.114.205.102","TCP","54","","1080","2152","64","1080  >  2152 [ACK] Seq=1 Ack=110593 Win=63488 Len=0"
"259","13.000880","98.114.205.102","192.150.11.111","Socks","1078","","2152","1080","113","Unknown"
"260","13.000899","192.150.11.111","98.114.205.102","TCP","54","","1080","2152","64","1080  >  2152 [ACK] Seq=1 Ack=111617 Win=63488 Len=0"
"261","13.083458","98.114.205.102","192.150.11.111","Socks","1078","","2152","1080","113","Unknown"
"262","13.163538","192.150.11.111","98.114.205.102","TCP","54","","1080","2152","64","1080  >  2152 [ACK] Seq=1 Ack=112641 Win=63488 Len=0"
"263","13.227878","98.114.205.102","192.150.11.111","Socks","1514","","2152","1080","113","Unknown"
"264","13.230377","98.114.205.102","192.150.11.111","Socks","642","","2152","1080","113","Unknown"
"265","13.230392","192.150.11.111","98.114.205.102","TCP","54","","1080","2152","64","1080  >  2152 [ACK] Seq=1 Ack=114689 Win=63488 Len=0"
"266","13.286096","98.114.205.102","192.150.11.111","Socks","1078","","2152","1080","113","Unknown"
"267","13.286115","192.150.11.111","98.114.205.102","TCP","54","","1080","2152","64","1080  >  2152 [ACK] Seq=1 Ack=115713 Win=63488 Len=0"
"268","13.351059","98.114.205.102","192.150.11.111","Socks","1078","","2152","1080","113","Unknown"
"269","13.405778","98.114.205.102","192.150.11.111","Socks","1078","","2152","1080","113","Unknown"
"270","13.405794","192.150.11.111","98.114.205.102","TCP","54","","1080","2152","64","1080  >  2152 [ACK] Seq=1 Ack=117761 Win=63488 Len=0"
"271","13.528461","98.114.205.102","192.150.11.111","Socks","1078","","2152","1080","113","Unknown"
"272","13.632778","98.114.205.102","192.150.11.111","Socks","1514","","2152","1080","113","Unknown"
"273","13.632795","192.150.11.111","98.114.205.102","TCP","54","","1080","2152","64","1080  >  2152 [ACK] Seq=1 Ack=120245 Win=63488 Len=0"
"274","13.635276","98.114.205.102","192.150.11.111","Socks","642","","2152","1080","113","Unknown"
"275","13.635295","192.150.11.111","98.114.205.102","TCP","54","","1080","2152","64","1080  >  2152 [ACK] Seq=1 Ack=120833 Win=63488 Len=0"
"276","13.742716","98.114.205.102","192.150.11.111","Socks","1514","","2152","1080","113","Unknown"
"277","13.745340","98.114.205.102","192.150.11.111","Socks","642","","2152","1080","113","Unknown"
"278","13.745355","192.150.11.111","98.114.205.102","TCP","54","","1080","2152","64","1080  >  2152 [ACK] Seq=1 Ack=122881 Win=63488 Len=0"
"279","13.835164","98.114.205.102","192.150.11.111","Socks","1514","","2152","1080","113","Unknown"
"280","13.837913","98.114.205.102","192.150.11.111","Socks","642","","2152","1080","113","Unknown"
"281","13.837928","192.150.11.111","98.114.205.102","TCP","54","","1080","2152","64","1080  >  2152 [ACK] Seq=1 Ack=124929 Win=63488 Len=0"
"282","13.960845","98.114.205.102","192.150.11.111","Socks","1078","","2152","1080","113","Unknown"
"283","13.960864","192.150.11.111","98.114.205.102","TCP","54","","1080","2152","64","1080  >  2152 [ACK] Seq=1 Ack=125953 Win=63488 Len=0"
"284","14.025309","98.114.205.102","192.150.11.111","Socks","1514","","2152","1080","113","Unknown"
"285","14.027807","98.114.205.102","192.150.11.111","Socks","642","","2152","1080","113","Unknown"
"286","14.027823","192.150.11.111","98.114.205.102","TCP","54","","1080","2152","64","1080  >  2152 [ACK] Seq=1 Ack=128001 Win=63488 Len=0"
"287","14.150863","98.114.205.102","192.150.11.111","Socks","1078","","2152","1080","113","Unknown"
"288","14.150883","192.150.11.111","98.114.205.102","TCP","54","","1080","2152","64","1080  >  2152 [ACK] Seq=1 Ack=129025 Win=63488 Len=0"
"289","14.227821","98.114.205.102","192.150.11.111","Socks","1514","","2152","1080","113","Unknown"
"290","14.230320","98.114.205.102","192.150.11.111","Socks","642","","2152","1080","113","Unknown"
"291","14.230336","192.150.11.111","98.114.205.102","TCP","54","","1080","2152","64","1080  >  2152 [ACK] Seq=1 Ack=131073 Win=63488 Len=0"
"292","14.273296","98.114.205.102","192.150.11.111","Socks","1078","","2152","1080","113","Unknown"
"293","14.273315","192.150.11.111","98.114.205.102","TCP","54","","1080","2152","64","1080  >  2152 [ACK] Seq=1 Ack=132097 Win=63488 Len=0"
"294","14.395977","98.114.205.102","192.150.11.111","Socks","1078","","2152","1080","113","Unknown"
"295","14.435571","192.150.11.111","98.114.205.102","TCP","54","","1080","2152","64","1080  >  2152 [ACK] Seq=1 Ack=133121 Win=63488 Len=0"
"296","14.462690","98.114.205.102","192.150.11.111","Socks","1514","","2152","1080","113","Unknown"
"297","14.465439","98.114.205.102","192.150.11.111","Socks","642","","2152","1080","113","Unknown"
"298","14.465455","192.150.11.111","98.114.205.102","TCP","54","","1080","2152","64","1080  >  2152 [ACK] Seq=1 Ack=135169 Win=63488 Len=0"
"299","14.538523","98.114.205.102","192.150.11.111","Socks","1078","","2152","1080","113","Unknown"
"300","14.538542","192.150.11.111","98.114.205.102","TCP","54","","1080","2152","64","1080  >  2152 [ACK] Seq=1 Ack=136193 Win=63488 Len=0"
"301","14.588369","98.114.205.102","192.150.11.111","Socks","1078","","2152","1080","113","Unknown"
"302","14.660954","98.114.205.102","192.150.11.111","Socks","1078","","2152","1080","113","Unknown"
"303","14.660970","192.150.11.111","98.114.205.102","TCP","54","","1080","2152","64","1080  >  2152 [ACK] Seq=1 Ack=138241 Win=63488 Len=0"
"304","14.783386","98.114.205.102","192.150.11.111","Socks","1078","","2152","1080","113","Unknown"
"305","14.899583","192.150.11.111","98.114.205.102","TCP","54","","1080","2152","64","1080  >  2152 [ACK] Seq=1 Ack=139265 Win=63488 Len=0"
"306","14.955165","98.114.205.102","192.150.11.111","Socks","1514","","2152","1080","113","Unknown"
"307","14.957914","98.114.205.102","192.150.11.111","Socks","642","","2152","1080","113","Unknown"
"308","14.957929","192.150.11.111","98.114.205.102","TCP","54","","1080","2152","64","1080  >  2152 [ACK] Seq=1 Ack=141313 Win=63488 Len=0"
"309","15.022128","98.114.205.102","192.150.11.111","Socks","1078","","2152","1080","113","Unknown"
"310","15.022147","192.150.11.111","98.114.205.102","TCP","54","","1080","2152","64","1080  >  2152 [ACK] Seq=1 Ack=142337 Win=63488 Len=0"
"311","15.078347","98.114.205.102","192.150.11.111","Socks","1078","","2152","1080","113","Unknown"
"312","15.143560","98.114.205.102","192.150.11.111","Socks","1078","","2152","1080","113","Unknown"
"313","15.143577","192.150.11.111","98.114.205.102","TCP","54","","1080","2152","64","1080  >  2152 [ACK] Seq=1 Ack=144385 Win=63488 Len=0"
"314","15.195281","98.114.205.102","192.150.11.111","Socks","1514","","2152","1080","113","Unknown"
"315","15.197905","98.114.205.102","192.150.11.111","Socks","642","","2152","1080","113","Unknown"
"316","15.197921","192.150.11.111","98.114.205.102","TCP","54","","1080","2152","64","1080  >  2152 [ACK] Seq=1 Ack=146433 Win=63488 Len=0"
"317","15.315965","98.114.205.102","192.150.11.111","Socks","1078","","2152","1080","113","Unknown"
"318","15.315984","192.150.11.111","98.114.205.102","TCP","54","","1080","2152","64","1080  >  2152 [ACK] Seq=1 Ack=147457 Win=63488 Len=0"
"319","15.382677","98.114.205.102","192.150.11.111","Socks","1514","","2152","1080","113","Unknown"
"320","15.385176","98.114.205.102","192.150.11.111","Socks","642","","2152","1080","113","Unknown"
"321","15.385192","192.150.11.111","98.114.205.102","TCP","54","","1080","2152","64","1080  >  2152 [ACK] Seq=1 Ack=149505 Win=63488 Len=0"
"322","15.492867","98.114.205.102","192.150.11.111","Socks","1514","","2152","1080","113","Unknown"
"323","15.495364","98.114.205.102","192.150.11.111","Socks","642","","2152","1080","113","Unknown"
"324","15.495381","192.150.11.111","98.114.205.102","TCP","54","","1080","2152","64","1080  >  2152 [ACK] Seq=1 Ack=151553 Win=63488 Len=0"
"325","15.615923","98.114.205.102","192.150.11.111","Socks","1078","","2152","1080","113","Unknown"
"326","15.615943","192.150.11.111","98.114.205.102","TCP","54","","1080","2152","64","1080  >  2152 [ACK] Seq=1 Ack=152577 Win=63488 Len=0"
"327","15.695253","98.114.205.102","192.150.11.111","Socks","1514","","2152","1080","113","Unknown"
"328","15.698002","98.114.205.102","192.150.11.111","Socks","642","","2152","1080","113","Unknown"
"329","15.698018","192.150.11.111","98.114.205.102","TCP","54","","1080","2152","64","1080  >  2152 [ACK] Seq=1 Ack=154625 Win=63488 Len=0"
"330","15.818684","98.114.205.102","192.150.11.111","Socks","1078","","2152","1080","113","Unknown"
"331","15.818704","192.150.11.111","98.114.205.102","TCP","54","","1080","2152","64","1080  >  2152 [ACK] Seq=1 Ack=155649 Win=63488 Len=0"
"332","15.915255","98.114.205.102","192.150.11.111","Socks","1514","","2152","1080","113","Unknown"
"333","15.917878","98.114.205.102","192.150.11.111","Socks","642","","2152","1080","113","Unknown"
"334","15.917894","192.150.11.111","98.114.205.102","TCP","54","","1080","2152","64","1080  >  2152 [ACK] Seq=1 Ack=157697 Win=63488 Len=0"
"335","16.040810","98.114.205.102","192.150.11.111","Socks","1078","","2152","1080","113","Unknown"
"336","16.040830","192.150.11.111","98.114.205.102","TCP","54","","1080","2152","64","1080  >  2152 [ACK] Seq=1 Ack=158721 Win=63488 Len=0"
"337","16.096780","98.114.205.102","192.150.11.111","TCP","60","","2152","1080","113","2152  >  1080 [FIN, ACK] Seq=158721 Ack=1 Win=64240 Len=0"
"338","16.096839","192.150.11.111","98.114.205.102","TCP","54","","1080","2152","64","1080  >  2152 [FIN, ACK] Seq=1 Ack=158722 Win=63488 Len=0"
"339","16.096872","192.150.11.111","98.114.205.102","TCP","72","","36296","8884","64","36296  >  8884 [PSH, ACK] Seq=72 Ack=165 Win=5888 Len=6 TSval=4055636635 TSecr=438621"
"340","16.097404","98.114.205.102","192.150.11.111","TCP","89","","8884","36296","113","8884  >  36296 [PSH, ACK] Seq=165 Ack=72 Win=64169 Len=23 TSval=438721 TSecr=4055634156"
"341","16.097417","192.150.11.111","98.114.205.102","TCP","66","","36296","8884","64","36296  >  8884 [ACK] Seq=78 Ack=188 Win=5888 Len=0 TSval=4055636635 TSecr=438721"
"342","16.097459","192.150.11.111","98.114.205.102","TCP","66","","36296","8884","64","36296  >  8884 [FIN, ACK] Seq=78 Ack=188 Win=5888 Len=0 TSval=4055636635 TSecr=438721"
"343","16.214214","98.114.205.102","192.150.11.111","TCP","60","","2152","1080","113","2152  >  1080 [ACK] Seq=158722 Ack=2 Win=64240 Len=0"
"344","16.214589","98.114.205.102","192.150.11.111","TCP","66","","8884","36296","113","8884  >  36296 [ACK] Seq=188 Ack=79 Win=64163 Len=0 TSval=438722 TSecr=4055636635"
"345","16.216962","98.114.205.102","192.150.11.111","TCP","93","","8884","36296","113","8884  >  36296 [PSH, ACK] Seq=188 Ack=79 Win=64163 Len=27 TSval=438722 TSecr=4055636635"
"346","16.216975","192.150.11.111","98.114.205.102","TCP","54","","36296","8884","64","36296  >  8884 [RST] Seq=79 Win=0 Len=0"
"347","16.219211","98.114.205.102","192.150.11.111","TCP","66","","8884","36296","113","8884  >  36296 [FIN, ACK] Seq=215 Ack=79 Win=64163 Len=0 TSval=438722 TSecr=4055636635"
"348","16.219218","192.150.11.111","98.114.205.102","TCP","54","","36296","8884","64","36296  >  8884 [RST] Seq=79 Win=0 Len=0"
